customer_id,age,annual_income,spending_score,purchase_frequency,cluster,segment
362,35,72184,64,7,1,Regular
74,23,16802,15,1,0,Low-Spending
375,40,46359,58,7,1,Regular
156,21,22022,14,3,0,Low-Spending
105,18,27183,10,3,0,Low-Spending
395,43,50541,55,5,1,Regular
378,33,54382,54,9,1,Regular
125,25,28992,32,4,0,Low-Spending
69,21,20759,21,2,0,Low-Spending
451,52,109192,98,17,2,High-Value
10,28,21585,17,2,0,Low-Spending
195,28,15569,12,3,0,Low-Spending
407,51,136638,82,12,2,High-Value
85,25,24208,27,3,0,Low-Spending
372,38,63710,54,7,1,Regular
389,42,45779,59,9,1,Regular
496,35,128845,84,24,2,High-Value
31,29,20791,22,1,0,Low-Spending
317,31,55524,69,9,1,Regular
409,55,114636,85,23,2,High-Value
491,38,82719,81,12,1,Regular
492,52,102890,93,13,2,High-Value
281,46,60128,59,11,1,Regular
357,48,65053,57,7,1,Regular
77,21,21616,39,1,0,Low-Spending
462,57,121873,95,16,2,High-Value
498,48,113062,74,24,2,High-Value
212,48,79056,55,11,1,Regular
102,24,19499,18,1,0,Low-Spending
335,49,77438,56,11,1,Regular
476,46,145082,92,14,2,High-Value
337,31,49184,69,7,1,Regular
441,57,113660,87,20,2,High-Value
174,29,16060,25,2,0,Low-Spending
3,28,22994,32,1,0,Low-Spending
334,46,61526,67,8,1,Regular
410,56,128280,75,17,2,High-Value
71,25,17385,14,4,0,Low-Spending
210,33,46229,51,6,1,Regular
64,24,16734,14,3,0,Low-Spending
385,44,79666,53,8,1,Regular
94,27,22158,35,4,0,Low-Spending
486,37,129708,80,12,2,High-Value
186,26,17975,12,3,0,Low-Spending
34,28,34894,17,1,0,Low-Spending
78,23,29257,24,4,0,Low-Spending
1,24,15663,24,4,0,Low-Spending
12,25,34965,18,3,0,Low-Spending
416,43,121844,71,19,2,High-Value
23,23,39548,34,1,0,Low-Spending
73,19,19736,13,2,0,Low-Spending
183,24,15190,33,4,0,Low-Spending
132,22,37399,31,2,0,Low-Spending
411,41,104262,88,13,2,High-Value
194,25,38093,21,1,0,Low-Spending
56,27,17811,26,4,0,Low-Spending
149,26,23754,25,4,0,Low-Spending
19,22,19737,32,2,0,Low-Spending
205,42,78518,54,7,1,Regular
79,19,29486,12,4,0,Low-Spending
495,50,98787,90,20,2,High-Value
263,42,40846,50,6,1,Regular
324,30,57449,47,7,1,Regular
484,35,143620,89,23,2,High-Value
80,27,36918,32,1,0,Low-Spending
40,29,17327,32,1,0,Low-Spending
452,35,126542,81,17,2,High-Value
47,24,26774,28,4,0,Low-Spending
239,30,41605,61,10,1,Regular
392,36,50789,60,9,1,Regular
353,33,61951,40,5,1,Regular
342,40,58381,47,10,1,Regular
278,39,60618,63,10,1,Regular
291,46,41342,67,6,1,Regular
318,47,59282,68,7,1,Regular
305,44,76298,47,10,1,Regular
269,45,70105,41,9,1,Regular
70,19,38078,21,4,0,Low-Spending
456,46,130106,70,19,2,High-Value
466,37,125648,83,22,2,High-Value
155,18,36277,39,3,0,Low-Spending
83,27,29075,25,4,0,Low-Spending
478,59,131756,98,20,2,High-Value
173,29,29434,13,3,0,Low-Spending
322,49,56984,69,7,1,Regular
91,19,29589,33,3,0,Low-Spending
181,29,15699,36,2,0,Low-Spending
415,41,118197,78,20,2,High-Value
313,35,48007,66,8,1,Regular
279,39,72254,64,6,1,Regular
382,32,60609,63,11,1,Regular
473,59,87314,78,19,2,High-Value
363,30,41120,62,6,1,Regular
325,44,58520,58,10,1,Regular
432,37,87657,91,14,2,High-Value
348,40,67202,49,6,1,Regular
87,29,26835,19,2,0,Low-Spending
76,27,23120,29,3,0,Low-Spending
439,42,134028,93,14,2,High-Value
16,25,16636,16,1,0,Low-Spending
250,44,75358,48,9,1,Regular
434,47,106685,79,23,2,High-Value
20,19,29555,35,2,0,Low-Spending
323,35,54060,55,11,1,Regular
333,39,45984,61,6,1,Regular
57,26,38482,29,1,0,Low-Spending
302,34,40235,61,8,1,Regular
230,37,59123,50,9,1,Regular
332,46,46565,41,5,1,Regular
133,20,28446,34,3,0,Low-Spending
138,20,19555,24,1,0,Low-Spending
424,41,130948,73,12,2,High-Value
336,34,58574,57,8,1,Regular
26,22,37912,37,2,0,Low-Spending
465,52,121755,71,17,2,High-Value
282,43,40009,45,9,1,Regular
248,48,53046,60,5,1,Regular
238,38,66900,43,6,1,Regular
118,27,17961,10,3,0,Low-Spending
43,26,22777,11,4,0,Low-Spending
221,32,54369,65,11,1,Regular
177,21,15301,32,1,0,Low-Spending
321,31,60611,68,5,1,Regular
154,24,30636,39,1,0,Low-Spending
232,37,50167,40,7,1,Regular
228,35,55913,48,5,1,Regular
418,50,114157,97,13,2,High-Value
204,42,48152,40,9,1,Regular
127,19,20699,21,2,0,Low-Spending
330,33,51954,54,10,1,Regular
32,26,36919,29,4,0,Low-Spending
114,20,20592,34,2,0,Low-Spending
471,55,91303,72,17,2,High-Value
272,34,79051,50,5,1,Regular
141,22,27757,23,2,0,Low-Spending
58,27,29243,19,4,0,Low-Spending
193,23,37238,14,2,0,Low-Spending
25,29,22392,22,4,0,Low-Spending
18,23,32082,19,2,0,Low-Spending
266,38,62700,46,7,1,Regular
67,20,34360,30,1,0,Low-Spending
209,34,69926,51,6,1,Regular
480,59,149274,89,23,2,High-Value
95,26,25248,32,1,0,Low-Spending
254,42,78110,59,10,1,Regular
267,32,72043,57,10,1,Regular
24,19,20855,33,3,0,Low-Spending
223,40,47943,61,8,1,Regular
262,46,78328,65,9,1,Regular
427,44,142483,87,19,2,High-Value
6,24,35147,19,2,0,Low-Spending
117,22,29172,30,1,0,Low-Spending
46,20,16930,31,3,0,Low-Spending
17,20,35080,38,2,0,Low-Spending
463,47,89903,92,13,2,High-Value
358,48,49446,46,6,1,Regular
4,25,32879,11,4,0,Low-Spending
219,44,46371,56,7,1,Regular
406,41,80806,93,22,2,High-Value
61,21,23338,31,1,0,Low-Spending
111,18,39829,39,2,0,Low-Spending
319,44,63930,56,7,1,Regular
429,51,110448,96,13,2,High-Value
30,23,33091,13,3,0,Low-Spending
438,45,141413,95,21,2,High-Value
472,46,110561,82,20,2,High-Value
27,18,28949,35,1,0,Low-Spending
8,20,33237,35,1,0,Low-Spending
454,47,144772,98,16,2,High-Value
109,28,24637,24,1,0,Low-Spending
38,29,27688,21,4,0,Low-Spending
158,22,20600,35,1,0,Low-Spending
490,52,127638,99,23,2,High-Value
119,24,29207,25,3,0,Low-Spending
115,18,31482,17,3,0,Low-Spending
176,29,18420,25,1,0,Low-Spending
374,44,46371,42,8,1,Regular
182,26,36472,29,4,0,Low-Spending
145,27,33077,21,1,0,Low-Spending
370,43,72265,61,6,1,Regular
391,48,54153,61,11,1,Regular
196,26,20442,10,4,0,Low-Spending
405,50,117573,97,14,2,High-Value
276,34,41828,58,9,1,Regular
455,44,138762,80,13,2,High-Value
142,20,34830,39,2,0,Low-Spending
366,41,42336,62,8,1,Regular
68,18,33343,37,1,0,Low-Spending
211,32,44632,43,5,1,Regular
169,27,25716,10,3,0,Low-Spending
494,59,122534,98,12,2,High-Value
376,45,75996,40,7,1,Regular
401,43,84494,78,17,2,High-Value
273,34,42048,66,10,1,Regular
110,20,35583,11,1,0,Low-Spending
249,34,64818,54,6,1,Regular
146,24,29373,25,2,0,Low-Spending
93,25,34492,37,3,0,Low-Spending
153,20,31609,10,4,0,Low-Spending
368,31,42243,68,10,1,Regular
468,48,82396,98,20,2,High-Value
84,21,37671,22,1,0,Low-Spending
246,35,60119,47,5,1,Regular
166,23,23208,35,4,0,Low-Spending
164,28,26312,29,3,0,Low-Spending
200,27,27913,20,1,0,Low-Spending
229,41,75240,61,6,1,Regular
75,23,23155,22,3,0,Low-Spending
479,44,106292,80,12,2,High-Value
359,34,40922,68,5,1,Regular
251,31,44324,60,5,1,Regular
120,27,36357,38,1,0,Low-Spending
311,48,45951,62,7,1,Regular
300,30,71037,59,6,1,Regular
256,30,54043,60,7,1,Regular
355,32,45788,62,5,1,Regular
400,35,47783,40,7,1,Regular
226,45,63275,53,10,1,Regular
354,32,55374,62,5,1,Regular
235,38,43812,60,10,1,Regular
383,49,56478,53,5,1,Regular
275,32,52941,66,5,1,Regular
37,29,35602,23,1,0,Low-Spending
197,22,16895,10,1,0,Low-Spending
140,20,23050,39,3,0,Low-Spending
365,38,57334,63,8,1,Regular
245,32,53918,58,7,1,Regular
440,57,87287,96,15,2,High-Value
287,42,79809,68,5,1,Regular
60,19,16986,24,3,0,Low-Spending
112,25,30586,31,2,0,Low-Spending
90,22,20423,26,4,0,Low-Spending
437,39,87906,91,23,2,High-Value
7,27,36616,11,2,0,Low-Spending
361,39,50789,40,7,1,Regular
347,45,41970,49,5,1,Regular
339,31,42192,58,8,1,Regular
159,24,22996,19,4,0,Low-Spending
151,27,20895,16,1,0,Low-Spending
178,28,27468,11,2,0,Low-Spending
394,44,40814,62,10,1,Regular
185,18,32364,27,1,0,Low-Spending
450,47,105931,89,23,2,High-Value
11,28,32675,10,3,0,Low-Spending
381,46,43756,42,5,1,Regular
104,25,37581,30,1,0,Low-Spending
82,19,31646,29,3,0,Low-Spending
39,20,19389,28,2,0,Low-Spending
315,35,63325,58,6,1,Regular
168,19,33589,35,3,0,Low-Spending
470,51,81591,86,23,2,High-Value
297,32,76258,59,6,1,Regular
475,58,147675,84,17,2,High-Value
199,20,18863,19,4,0,Low-Spending
298,47,68253,48,9,1,Regular
417,53,144754,97,23,2,High-Value
147,24,29565,35,3,0,Low-Spending
393,32,52999,53,10,1,Regular
148,28,18436,35,4,0,Low-Spending
448,56,145160,96,17,2,High-Value
288,42,45287,50,11,1,Regular
124,26,32340,38,3,0,Low-Spending
369,46,59029,47,10,1,Regular
97,29,34554,14,3,0,Low-Spending
144,22,21893,14,1,0,Low-Spending
240,49,45622,62,7,1,Regular
443,41,139720,83,12,2,High-Value
98,29,24874,35,4,0,Low-Spending
408,57,109757,72,21,2,High-Value
123,24,17869,31,2,0,Low-Spending
184,18,25492,21,4,0,Low-Spending
203,41,75854,64,7,1,Regular
247,47,67446,54,10,1,Regular
306,44,45256,56,6,1,Regular
299,41,57988,56,5,1,Regular
352,37,71273,67,5,1,Regular
387,43,73561,55,7,1,Regular
396,40,64938,57,6,1,Regular
285,30,49865,40,9,1,Regular
126,29,39736,12,1,0,Low-Spending
303,46,41908,67,10,1,Regular
224,41,52199,58,9,1,Regular
419,42,120042,84,23,2,High-Value
220,30,66069,67,11,1,Regular
130,24,36295,28,1,0,Low-Spending
421,57,107376,74,19,2,High-Value
290,30,48512,65,7,1,Regular
445,58,97674,98,15,2,High-Value
377,46,60103,67,5,1,Regular
292,37,59216,57,8,1,Regular
356,47,45408,67,9,1,Regular
295,36,72293,46,9,1,Regular
397,44,42443,46,5,1,Regular
341,40,51246,40,5,1,Regular
113,20,17557,25,3,0,Low-Spending
180,24,34554,37,2,0,Low-Spending
308,43,48162,40,10,1,Regular
433,46,105425,86,24,2,High-Value
488,48,129138,72,19,2,High-Value
482,54,133947,84,17,2,High-Value
423,54,94199,91,20,2,High-Value
234,34,57260,44,6,1,Regular
312,36,61852,58,9,1,Regular
165,20,22679,19,1,0,Low-Spending
137,28,26296,14,2,0,Low-Spending
198,18,34117,17,1,0,Low-Spending
259,44,40117,42,6,1,Regular
233,47,50554,53,8,1,Regular
116,28,17200,22,2,0,Low-Spending
121,26,35817,16,3,0,Low-Spending
350,37,57586,53,9,1,Regular
225,39,55728,68,9,1,Regular
403,49,147364,77,20,2,High-Value
398,42,50457,49,8,1,Regular
128,18,38328,35,2,0,Low-Spending
286,48,42219,56,7,1,Regular
412,48,142211,99,24,2,High-Value
108,25,20539,10,3,0,Low-Spending
371,42,77380,64,8,1,Regular
326,39,49510,57,6,1,Regular
134,29,16218,38,2,0,Low-Spending
453,50,122520,76,16,2,High-Value
45,22,38509,32,1,0,Low-Spending
461,36,83972,80,19,2,High-Value
66,25,23680,17,2,0,Low-Spending
284,43,62422,63,10,1,Regular
86,24,31371,37,4,0,Low-Spending
243,42,51613,61,5,1,Regular
187,28,21102,37,1,0,Low-Spending
384,44,75442,63,11,1,Regular
160,24,24007,31,4,0,Low-Spending
13,22,26649,20,1,0,Low-Spending
36,27,26447,25,1,0,Low-Spending
29,27,36556,34,1,0,Low-Spending
171,22,18444,14,2,0,Low-Spending
143,18,32429,29,1,0,Low-Spending
399,47,50380,46,11,1,Regular
343,45,76455,68,7,1,Regular
222,45,52910,48,8,1,Regular
96,29,22400,35,1,0,Low-Spending
52,21,26589,31,4,0,Low-Spending
241,42,46767,64,10,1,Regular
485,51,128874,91,15,2,High-Value
379,30,58755,47,5,1,Regular
179,27,31990,26,4,0,Low-Spending
42,21,34315,37,4,0,Low-Spending
499,49,140461,96,15,2,High-Value
422,52,135554,98,23,2,High-Value
207,45,65289,67,9,1,Regular
283,38,56644,60,6,1,Regular
255,34,56389,64,10,1,Regular
413,49,134842,76,14,2,High-Value
5,22,18304,36,3,0,Low-Spending
257,30,68746,65,10,1,Regular
449,59,97602,72,20,2,High-Value
101,26,16154,32,3,0,Low-Spending
227,37,46738,47,10,1,Regular
430,48,106172,86,15,2,High-Value
214,47,46168,44,8,1,Regular
172,23,25757,22,3,0,Low-Spending
99,26,30151,30,1,0,Low-Spending
293,31,67534,60,9,1,Regular
216,38,48258,44,6,1,Regular
62,29,26411,20,3,0,Low-Spending
48,22,30087,34,4,0,Low-Spending
33,18,19931,10,4,0,Low-Spending
268,30,46469,66,6,1,Regular
328,46,68173,53,11,1,Regular
201,35,79650,69,11,1,Regular
447,38,123642,73,20,2,High-Value
28,29,36633,16,2,0,Low-Spending
425,37,146262,89,24,2,High-Value
231,33,74529,62,8,1,Regular
261,40,53234,64,9,1,Regular
289,33,74387,61,10,1,Regular
163,24,19642,11,3,0,Low-Spending
426,52,126600,73,16,2,High-Value
139,18,24146,26,2,0,Low-Spending
63,29,17911,37,1,0,Low-Spending
136,23,19735,37,4,0,Low-Spending
129,24,35877,25,4,0,Low-Spending
477,49,113130,98,19,2,High-Value
9,24,28808,26,3,0,Low-Spending
327,48,69287,40,11,1,Regular
464,47,83020,95,13,2,High-Value
65,29,33227,10,1,0,Low-Spending
301,41,52219,61,9,1,Regular
15,25,38664,25,4,0,Low-Spending
157,21,24151,32,1,0,Low-Spending
41,24,23004,24,1,0,Low-Spending
380,37,75659,41,6,1,Regular
469,54,99129,73,12,2,High-Value
404,44,125028,71,16,2,High-Value
217,46,56616,47,11,1,Regular
280,48,79756,46,8,1,Regular
435,36,104578,91,16,2,High-Value
431,58,122874,81,18,2,High-Value
338,35,59096,45,7,1,Regular
237,46,67285,53,5,1,Regular
208,40,41062,50,8,1,Regular
213,49,43596,43,9,1,Regular
296,31,66614,56,11,1,Regular
458,57,113742,84,22,2,High-Value
252,39,50787,48,11,1,Regular
489,58,134302,86,13,2,High-Value
487,47,148344,96,21,2,High-Value
304,45,48567,68,6,1,Regular
351,33,64519,41,5,1,Regular
270,35,66386,66,6,1,Regular
202,35,74674,57,9,1,Regular
162,21,39067,13,4,0,Low-Spending
44,20,15197,11,3,0,Low-Spending
218,43,66734,49,6,1,Regular
402,47,123001,86,14,2,High-Value
191,20,39703,28,1,0,Low-Spending
310,40,76159,69,5,1,Regular
260,46,58935,59,6,1,Regular
106,29,27874,35,4,0,Low-Spending
54,29,30708,35,3,0,Low-Spending
390,43,52298,44,5,1,Regular
2,21,16998,31,1,0,Low-Spending
442,46,140504,87,18,2,High-Value
483,39,102534,83,17,2,High-Value
50,24,24339,39,1,0,Low-Spending
420,52,141665,99,22,2,High-Value
81,29,35445,17,1,0,Low-Spending
206,44,50267,47,8,1,Regular
35,28,15202,23,1,0,Low-Spending
264,30,50954,45,11,1,Regular
428,41,98297,73,22,2,High-Value
367,43,78141,66,7,1,Regular
92,22,35932,28,2,0,Low-Spending
340,42,74016,43,7,1,Regular
474,50,99623,76,22,2,High-Value
53,26,33895,35,4,0,Low-Spending
346,44,51302,42,6,1,Regular
265,31,53703,41,9,1,Regular
242,45,67139,40,11,1,Regular
14,21,38938,31,2,0,Low-Spending
316,47,61204,69,9,1,Regular
89,25,17049,28,4,0,Low-Spending
388,31,74884,43,11,1,Regular
274,35,79001,51,6,1,Regular
167,29,38723,28,2,0,Low-Spending
329,34,79711,58,10,1,Regular
493,39,116509,97,12,2,High-Value
135,25,35880,23,1,0,Low-Spending
307,34,59019,46,8,1,Regular
481,41,82469,71,20,2,High-Value
320,48,40077,52,8,1,Regular
244,43,50589,62,6,1,Regular
55,19,32043,31,2,0,Low-Spending
364,34,72154,42,9,1,Regular
51,19,35666,38,3,0,Low-Spending
457,36,105559,75,19,2,High-Value
175,29,33711,33,3,0,Low-Spending
446,51,103874,81,15,2,High-Value
190,26,34778,38,3,0,Low-Spending
497,55,137932,85,12,2,High-Value
188,26,32568,10,3,0,Low-Spending
170,26,32453,33,2,0,Low-Spending
59,22,21546,15,1,0,Low-Spending
49,26,37671,35,2,0,Low-Spending
345,48,44018,46,7,1,Regular
236,33,68024,65,8,1,Regular
253,47,49111,49,5,1,Regular
22,29,15854,27,3,0,Low-Spending
314,31,70523,63,7,1,Regular
460,44,101754,88,12,2,High-Value
161,28,27946,14,2,0,Low-Spending
277,34,41917,61,5,1,Regular
444,49,114701,84,23,2,High-Value
192,24,16816,20,4,0,Low-Spending
386,43,50147,50,10,1,Regular
294,37,54231,56,5,1,Regular
414,55,136979,79,12,2,High-Value
344,40,66727,62,9,1,Regular
258,47,62350,48,8,1,Regular
309,31,45415,52,7,1,Regular
150,27,25677,30,1,0,Low-Spending
131,25,18987,14,1,0,Low-Spending
152,29,34738,13,2,0,Low-Spending
360,47,73187,47,11,1,Regular
100,18,33639,39,4,0,Low-Spending
373,44,69486,44,9,1,Regular
88,26,28168,39,3,0,Low-Spending
459,37,149669,84,24,2,High-Value
331,39,47804,57,9,1,Regular
215,44,47561,63,7,1,Regular
467,41,89516,71,24,2,High-Value
122,29,26969,14,3,0,Low-Spending
500,43,146672,89,21,2,High-Value
21,25,28877,12,2,0,Low-Spending
189,21,34711,10,1,0,Low-Spending
72,21,26111,16,1,0,Low-Spending
107,25,33032,35,1,0,Low-Spending
271,46,76976,56,8,1,Regular
349,45,71110,58,6,1,Regular
436,37,108831,70,19,2,High-Value
103,26,21295,21,4,0,Low-Spending
