customer_id,age,annual_income,spending_score,purchase_frequency
362,35,72184,64,7
74,23,16802,15,1
375,40,46359,58,7
156,21,22022,14,3
105,18,27183,10,3
395,43,50541,55,5
378,33,54382,54,9
125,25,28992,32,4
69,21,20759,21,2
451,52,109192,98,17
10,28,21585,17,2
195,28,15569,12,3
407,51,136638,82,12
85,25,24208,27,3
372,38,63710,54,7
389,42,45779,59,9
496,35,128845,84,24
31,29,20791,22,1
317,31,55524,69,9
409,55,114636,85,23
491,38,82719,81,12
492,52,102890,93,13
281,46,60128,59,11
357,48,65053,57,7
77,21,21616,39,1
462,57,121873,95,16
498,48,113062,74,24
212,48,79056,55,11
102,24,19499,18,1
335,49,77438,56,11
476,46,145082,92,14
337,31,49184,69,7
441,57,113660,87,20
174,29,16060,25,2
3,28,22994,32,1
334,46,61526,67,8
410,56,128280,75,17
71,25,17385,14,4
210,33,46229,51,6
64,24,16734,14,3
385,44,79666,53,8
94,27,22158,35,4
486,37,129708,80,12
186,26,17975,12,3
34,28,34894,17,1
78,23,29257,24,4
1,24,15663,24,4
12,25,34965,18,3
416,43,121844,71,19
23,23,39548,34,1
73,19,19736,13,2
183,24,15190,33,4
132,22,37399,31,2
411,41,104262,88,13
194,25,38093,21,1
56,27,17811,26,4
149,26,23754,25,4
19,22,19737,32,2
205,42,78518,54,7
79,19,29486,12,4
495,50,98787,90,20
263,42,40846,50,6
324,30,57449,47,7
484,35,143620,89,23
80,27,36918,32,1
40,29,17327,32,1
452,35,126542,81,17
47,24,26774,28,4
239,30,41605,61,10
392,36,50789,60,9
353,33,61951,40,5
342,40,58381,47,10
278,39,60618,63,10
291,46,41342,67,6
318,47,59282,68,7
305,44,76298,47,10
269,45,70105,41,9
70,19,38078,21,4
456,46,130106,70,19
466,37,125648,83,22
155,18,36277,39,3
83,27,29075,25,4
478,59,131756,98,20
173,29,29434,13,3
322,49,56984,69,7
91,19,29589,33,3
181,29,15699,36,2
415,41,118197,78,20
313,35,48007,66,8
279,39,72254,64,6
382,32,60609,63,11
473,59,87314,78,19
363,30,41120,62,6
325,44,58520,58,10
432,37,87657,91,14
348,40,67202,49,6
87,29,26835,19,2
76,27,23120,29,3
439,42,134028,93,14
16,25,16636,16,1
250,44,75358,48,9
434,47,106685,79,23
20,19,29555,35,2
323,35,54060,55,11
333,39,45984,61,6
57,26,38482,29,1
302,34,40235,61,8
230,37,59123,50,9
332,46,46565,41,5
133,20,28446,34,3
138,20,19555,24,1
424,41,130948,73,12
336,34,58574,57,8
26,22,37912,37,2
465,52,121755,71,17
282,43,40009,45,9
248,48,53046,60,5
238,38,66900,43,6
118,27,17961,10,3
43,26,22777,11,4
221,32,54369,65,11
177,21,15301,32,1
321,31,60611,68,5
154,24,30636,39,1
232,37,50167,40,7
228,35,55913,48,5
418,50,114157,97,13
204,42,48152,40,9
127,19,20699,21,2
330,33,51954,54,10
32,26,36919,29,4
114,20,20592,34,2
471,55,91303,72,17
272,34,79051,50,5
141,22,27757,23,2
58,27,29243,19,4
193,23,37238,14,2
25,29,22392,22,4
18,23,32082,19,2
266,38,62700,46,7
67,20,34360,30,1
209,34,69926,51,6
480,59,149274,89,23
95,26,25248,32,1
254,42,78110,59,10
267,32,72043,57,10
24,19,20855,33,3
223,40,47943,61,8
262,46,78328,65,9
427,44,142483,87,19
6,24,35147,19,2
117,22,29172,30,1
46,20,16930,31,3
17,20,35080,38,2
463,47,89903,92,13
358,48,49446,46,6
4,25,32879,11,4
219,44,46371,56,7
406,41,80806,93,22
61,21,23338,31,1
111,18,39829,39,2
319,44,63930,56,7
429,51,110448,96,13
30,23,33091,13,3
438,45,141413,95,21
472,46,110561,82,20
27,18,28949,35,1
8,20,33237,35,1
454,47,144772,98,16
109,28,24637,24,1
38,29,27688,21,4
158,22,20600,35,1
490,52,127638,99,23
119,24,29207,25,3
115,18,31482,17,3
176,29,18420,25,1
374,44,46371,42,8
182,26,36472,29,4
145,27,33077,21,1
370,43,72265,61,6
391,48,54153,61,11
196,26,20442,10,4
405,50,117573,97,14
276,34,41828,58,9
455,44,138762,80,13
142,20,34830,39,2
366,41,42336,62,8
68,18,33343,37,1
211,32,44632,43,5
169,27,25716,10,3
494,59,122534,98,12
376,45,75996,40,7
401,43,84494,78,17
273,34,42048,66,10
110,20,35583,11,1
249,34,64818,54,6
146,24,29373,25,2
93,25,34492,37,3
153,20,31609,10,4
368,31,42243,68,10
468,48,82396,98,20
84,21,37671,22,1
246,35,60119,47,5
166,23,23208,35,4
164,28,26312,29,3
200,27,27913,20,1
229,41,75240,61,6
75,23,23155,22,3
479,44,106292,80,12
359,34,40922,68,5
251,31,44324,60,5
120,27,36357,38,1
311,48,45951,62,7
300,30,71037,59,6
256,30,54043,60,7
355,32,45788,62,5
400,35,47783,40,7
226,45,63275,53,10
354,32,55374,62,5
235,38,43812,60,10
383,49,56478,53,5
275,32,52941,66,5
37,29,35602,23,1
197,22,16895,10,1
140,20,23050,39,3
365,38,57334,63,8
245,32,53918,58,7
440,57,87287,96,15
287,42,79809,68,5
60,19,16986,24,3
112,25,30586,31,2
90,22,20423,26,4
437,39,87906,91,23
7,27,36616,11,2
361,39,50789,40,7
347,45,41970,49,5
339,31,42192,58,8
159,24,22996,19,4
151,27,20895,16,1
178,28,27468,11,2
394,44,40814,62,10
185,18,32364,27,1
450,47,105931,89,23
11,28,32675,10,3
381,46,43756,42,5
104,25,37581,30,1
82,19,31646,29,3
39,20,19389,28,2
315,35,63325,58,6
168,19,33589,35,3
470,51,81591,86,23
297,32,76258,59,6
475,58,147675,84,17
199,20,18863,19,4
298,47,68253,48,9
417,53,144754,97,23
147,24,29565,35,3
393,32,52999,53,10
148,28,18436,35,4
448,56,145160,96,17
288,42,45287,50,11
124,26,32340,38,3
369,46,59029,47,10
97,29,34554,14,3
144,22,21893,14,1
240,49,45622,62,7
443,41,139720,83,12
98,29,24874,35,4
408,57,109757,72,21
123,24,17869,31,2
184,18,25492,21,4
203,41,75854,64,7
247,47,67446,54,10
306,44,45256,56,6
299,41,57988,56,5
352,37,71273,67,5
387,43,73561,55,7
396,40,64938,57,6
285,30,49865,40,9
126,29,39736,12,1
303,46,41908,67,10
224,41,52199,58,9
419,42,120042,84,23
220,30,66069,67,11
130,24,36295,28,1
421,57,107376,74,19
290,30,48512,65,7
445,58,97674,98,15
377,46,60103,67,5
292,37,59216,57,8
356,47,45408,67,9
295,36,72293,46,9
397,44,42443,46,5
341,40,51246,40,5
113,20,17557,25,3
180,24,34554,37,2
308,43,48162,40,10
433,46,105425,86,24
488,48,129138,72,19
482,54,133947,84,17
423,54,94199,91,20
234,34,57260,44,6
312,36,61852,58,9
165,20,22679,19,1
137,28,26296,14,2
198,18,34117,17,1
259,44,40117,42,6
233,47,50554,53,8
116,28,17200,22,2
121,26,35817,16,3
350,37,57586,53,9
225,39,55728,68,9
403,49,147364,77,20
398,42,50457,49,8
128,18,38328,35,2
286,48,42219,56,7
412,48,142211,99,24
108,25,20539,10,3
371,42,77380,64,8
326,39,49510,57,6
134,29,16218,38,2
453,50,122520,76,16
45,22,38509,32,1
461,36,83972,80,19
66,25,23680,17,2
284,43,62422,63,10
86,24,31371,37,4
243,42,51613,61,5
187,28,21102,37,1
384,44,75442,63,11
160,24,24007,31,4
13,22,26649,20,1
36,27,26447,25,1
29,27,36556,34,1
171,22,18444,14,2
143,18,32429,29,1
399,47,50380,46,11
343,45,76455,68,7
222,45,52910,48,8
96,29,22400,35,1
52,21,26589,31,4
241,42,46767,64,10
485,51,128874,91,15
379,30,58755,47,5
179,27,31990,26,4
42,21,34315,37,4
499,49,140461,96,15
422,52,135554,98,23
207,45,65289,67,9
283,38,56644,60,6
255,34,56389,64,10
413,49,134842,76,14
5,22,18304,36,3
257,30,68746,65,10
449,59,97602,72,20
101,26,16154,32,3
227,37,46738,47,10
430,48,106172,86,15
214,47,46168,44,8
172,23,25757,22,3
99,26,30151,30,1
293,31,67534,60,9
216,38,48258,44,6
62,29,26411,20,3
48,22,30087,34,4
33,18,19931,10,4
268,30,46469,66,6
328,46,68173,53,11
201,35,79650,69,11
447,38,123642,73,20
28,29,36633,16,2
425,37,146262,89,24
231,33,74529,62,8
261,40,53234,64,9
289,33,74387,61,10
163,24,19642,11,3
426,52,126600,73,16
139,18,24146,26,2
63,29,17911,37,1
136,23,19735,37,4
129,24,35877,25,4
477,49,113130,98,19
9,24,28808,26,3
327,48,69287,40,11
464,47,83020,95,13
65,29,33227,10,1
301,41,52219,61,9
15,25,38664,25,4
157,21,24151,32,1
41,24,23004,24,1
380,37,75659,41,6
469,54,99129,73,12
404,44,125028,71,16
217,46,56616,47,11
280,48,79756,46,8
435,36,104578,91,16
431,58,122874,81,18
338,35,59096,45,7
237,46,67285,53,5
208,40,41062,50,8
213,49,43596,43,9
296,31,66614,56,11
458,57,113742,84,22
252,39,50787,48,11
489,58,134302,86,13
487,47,148344,96,21
304,45,48567,68,6
351,33,64519,41,5
270,35,66386,66,6
202,35,74674,57,9
162,21,39067,13,4
44,20,15197,11,3
218,43,66734,49,6
402,47,123001,86,14
191,20,39703,28,1
310,40,76159,69,5
260,46,58935,59,6
106,29,27874,35,4
54,29,30708,35,3
390,43,52298,44,5
2,21,16998,31,1
442,46,140504,87,18
483,39,102534,83,17
50,24,24339,39,1
420,52,141665,99,22
81,29,35445,17,1
206,44,50267,47,8
35,28,15202,23,1
264,30,50954,45,11
428,41,98297,73,22
367,43,78141,66,7
92,22,35932,28,2
340,42,74016,43,7
474,50,99623,76,22
53,26,33895,35,4
346,44,51302,42,6
265,31,53703,41,9
242,45,67139,40,11
14,21,38938,31,2
316,47,61204,69,9
89,25,17049,28,4
388,31,74884,43,11
274,35,79001,51,6
167,29,38723,28,2
329,34,79711,58,10
493,39,116509,97,12
135,25,35880,23,1
307,34,59019,46,8
481,41,82469,71,20
320,48,40077,52,8
244,43,50589,62,6
55,19,32043,31,2
364,34,72154,42,9
51,19,35666,38,3
457,36,105559,75,19
175,29,33711,33,3
446,51,103874,81,15
190,26,34778,38,3
497,55,137932,85,12
188,26,32568,10,3
170,26,32453,33,2
59,22,21546,15,1
49,26,37671,35,2
345,48,44018,46,7
236,33,68024,65,8
253,47,49111,49,5
22,29,15854,27,3
314,31,70523,63,7
460,44,101754,88,12
161,28,27946,14,2
277,34,41917,61,5
444,49,114701,84,23
192,24,16816,20,4
386,43,50147,50,10
294,37,54231,56,5
414,55,136979,79,12
344,40,66727,62,9
258,47,62350,48,8
309,31,45415,52,7
150,27,25677,30,1
131,25,18987,14,1
152,29,34738,13,2
360,47,73187,47,11
100,18,33639,39,4
373,44,69486,44,9
88,26,28168,39,3
459,37,149669,84,24
331,39,47804,57,9
215,44,47561,63,7
467,41,89516,71,24
122,29,26969,14,3
500,43,146672,89,21
21,25,28877,12,2
189,21,34711,10,1
72,21,26111,16,1
107,25,33032,35,1
271,46,76976,56,8
349,45,71110,58,6
436,37,108831,70,19
103,26,21295,21,4
